Isin, Datum, Zeit, Kurs, Volumen, Off Book
CH0033136596, 09.04.2019, 08:32, 750.000000, 2.000000,
