Isin, Datum, Zeit, Kurs, Volumen, Off Book
CH1159308571, 17.03.2026, 13:27, 1390.000000, 3.000000,
